{
  "dense_mpnet_d": {
    "doc-0#0": 0.49968218161410594,
    "doc-0#1": 0.49941864025001037,
    "doc-0#2": 0.5001766453384261,
    "doc-0#3": 0.5011475629152622,
    "doc-0#4": 0.5001681217654229,
    "doc-0#5": 0.499437594657345
  },
  "bm25_d": {
    "doc-0#0": 0.5003178183858941,
    "doc-0#1": 0.5005813597499896,
    "doc-0#2": 0.4998233546615739,
    "doc-0#3": 0.4988524370847378,
    "doc-0#4": 0.49983187823457714,
    "doc-0#5": 0.5005624053426551
  }
}