{
  "dense_mpnet_d": {
    "doc-0#0": 0.800000011920929,
    "doc-0#1": 0.7493995428085327,
    "doc-0#2": 0.5976473093032837,
    "doc-0#3": 0.23044006526470184,
    "doc-0#4": 0.20000000298023224,
    "doc-0#5": 0.6678684949874878
  },
  "bm25_d": {
    "doc-0#0": 0.19999998807907104,
    "doc-0#1": 0.2506004571914673,
    "doc-0#2": 0.4023526906967163,
    "doc-0#3": 0.7695599347352982,
    "doc-0#4": 0.7999999970197678,
    "doc-0#5": 0.3321315050125122
  }
}