{
  "dense_mpnet_d": {
    "doc-0#0": 0.800000011920929,
    "doc-0#1": 0.7720299363136292,
    "doc-0#2": 0.6291452646255493,
    "doc-0#3": 0.2524455487728119,
    "doc-0#4": 0.20000000298023224,
    "doc-0#5": 0.6808856129646301
  },
  "bm25_d": {
    "doc-0#0": 0.19999998807907104,
    "doc-0#1": 0.22797006368637085,
    "doc-0#2": 0.3708547353744507,
    "doc-0#3": 0.7475544512271881,
    "doc-0#4": 0.7999999970197678,
    "doc-0#5": 0.3191143870353699
  }
}