{
  "dense_mpnet_d": {
    "doc-0#0": 0.9999627834524113,
    "doc-0#1": 0.9999632171797309,
    "doc-0#2": 0.4000556475852293,
    "doc-0#3": 0.2500048105063164,
    "doc-0#4": 0.39995041996425323,
    "doc-0#5": 0.9999576836082341
  },
  "bm25_d": {
    "doc-0#0": 3.721654758873792e-05,
    "doc-0#1": 3.678282026900838e-05,
    "doc-0#2": 0.5999443524147707,
    "doc-0#3": 0.7499951894936836,
    "doc-0#4": 0.6000495800357467,
    "doc-0#5": 4.231639176592804e-05
  }
}